<?xml version="1.0"?>
<schema xmlns:xsi="http://www.w3.org/2001/XMLSchema-instance" xsi:noNamespaceSchemaLocation="urn:magento:framework:Setup/Declaration/Schema/etc/schema.xsd">
    <table name="download_rports" resource="default" engine="innodb" comment="Download Rports Table">
        <column xsi:type="int" name="id" unsigned="true" nullable="false" identity="true" comment="Id"/>
        <column xsi:type="varchar" name="rports_name" nullable="true" length="255" comment="Download rports name"/>
        <column xsi:type="varchar" name="requested_email" nullable="true" length="55" comment="Requested user email"/>
        <column xsi:type="varchar" name="requested_name" nullable="true" length="55" comment="Requested user name"/>
        <column xsi:type="int" name="download_status" default="0" comment="Download status"/>
        <column xsi:type="int" name="email_sent_status" default="0" comment="Email sent status"/>
        <column xsi:type="timestamp" name="created_at" on_update="false" nullable="false" default="CURRENT_TIMESTAMP"
                comment="Created At"/>
        <constraint xsi:type="primary" referenceId="PRIMARY">
            <column name="id"/>
        </constraint>
    </table>
</schema>
