<?xml version="1.0"?>
<config xmlns:xsi="http://www.w3.org/2001/XMLSchema-instance" xsi:noNamespaceSchemaLocation="urn:magento:module:Magento_Email:etc/email_templates.xsd">
    <template id="aw_helpdesk2_new_ticket_from_customer_send_email_to_admin"
              label="AW Help Desk 2 - new ticket from customer, email to agent"
              file="new_ticket_from_customer_send_email_to_admin.html"
              type="html"
              module="Aheadworks_Helpdesk2"
              area="frontend"/>
    <template id="aw_helpdesk2_new_ticket_from_customer_send_email_to_customer"
              label="AW Help Desk 2 - new ticket from customer, email to customer"
              file="new_ticket_from_customer_send_email_to_customer.html"
              type="html"
              module="Aheadworks_Helpdesk2"
              area="frontend"/>
    <template id="aw_helpdesk2_new_ticket_from_agent_send_email_to_customer"
              label="AW Help Desk 2 - new ticket from agent, email to customer"
              file="new_ticket_from_agent_send_email_to_customer.html"
              type="html"
              module="Aheadworks_Helpdesk2"
              area="frontend"/>
    <template id="aw_helpdesk2_new_reply_from_customer_send_email_to_agent"
              label="AW Help Desk 2 - new reply from customer, email to agent"
              file="new_reply_from_customer_send_email_to_agent.html"
              type="html"
              module="Aheadworks_Helpdesk2"
              area="frontend"/>
    <template id="aw_helpdesk2_new_reply_from_agent_send_email_to_customer"
              label="AW Help Desk 2 - new reply from agent, email to customer"
              file="new_reply_from_agent_send_email_to_customer.html"
              type="html"
              module="Aheadworks_Helpdesk2"
              area="frontend"/>
    <template id="aw_helpdesk2_ticket_reassign_send_email_to_agent"
              label="AW Help Desk 2 - ticket re-assignation, email to agent"
              file="ticket_reassign_send_email_to_agent.html"
              type="html"
              module="Aheadworks_Helpdesk2"
              area="frontend"/>
    <template id="aw_helpdesk2_automatic_followup_email_to_customer"
              label="AW Help Desk 2 - automatic follow-up email to customer"
              file="automatic_followup_email_to_customer.html"
              type="html"
              module="Aheadworks_Helpdesk2"
              area="frontend"/>
    <template id="aw_helpdesk2_order_status_changed_send_email_to_customer"
              label="AW Help Desk 2 - order status changed, email to customer"
              file="order_status_changed_email_to_customer.html"
              type="html"
              module="Aheadworks_Helpdesk2"
              area="frontend"/>
    <template id="aw_helpdesk2_ticket_escalation_email_template"
              label="AW Help Desk 2 - ticket escalation, email to supervisor"
              file="ticket_escalation_email_to_supervisor.html"
              type="html"
              module="Aheadworks_Helpdesk2"
              area="frontend"/>
</config>