<?xml version="1.0" ?>
<config xmlns:xsi="http://www.w3.org/2001/XMLSchema-instance" xsi:noNamespaceSchemaLocation="urn:magento:framework:ObjectManager/etc/config.xsd">

    <type name="Renewal\OrderItemReport\Model\ResourceModel\OrderItemReport\Grid\Collection">
        <arguments>
            <argument name="mainTable" xsi:type="string">sales_order_item</argument>
            <argument name="eventPrefix" xsi:type="string">order_item_report_grid_grid_collection</argument>
            <argument name="eventObject" xsi:type="string">order_item_report_grid_collection</argument>
            <argument name="resourceModel" xsi:type="string">Renewal\OrderItemReport\Model\ResourceModel\OrderItemReport</argument>
        </arguments>
    </type>

    <type name="Magento\Framework\View\Element\UiComponent\DataProvider\CollectionFactory">
        <arguments>
            <argument name="collections" xsi:type="array">
                <item name="renewal_order_item_report_listing_data_source" xsi:type="string">Renewal\OrderItemReport\Model\ResourceModel\OrderItemReport\Grid\Collection</item>
            </argument>
        </arguments>
    </type>

</config>
