<?xml version="1.0" ?>
<config xmlns:xsi="http://www.w3.org/2001/XMLSchema-instance" xsi:noNamespaceSchemaLocation="urn:magento:framework:Acl/etc/acl.xsd">
    <acl>
        <resources>
            <resource id="Magento_Backend::admin">
                <resource id="Magento_Reports::report">
                    <resource id="Magento_Reports::AdminGrid_Top" title="Custom Reports" sortOrder="10">
                        <resource id="Magento_Reports::AdminGrid_action_menu" title="View Expiration Report" sortOrder="10"/>
                    </resource>
                </resource>
            </resource>
        </resources>
    </acl>
</config>
