<?xml version="1.0"?>

<schema xmlns:xsi="http://www.w3.org/2001/XMLSchema-instance"
                 xsi:noNamespaceSchemaLocation="urn:magento:framework:Setup/Declaration/Schema/etc/schema.xsd">
            
        <!-- Customer Note table -->     
	<table name="customer_notes">
		<column xsi:type="int" name="id" identity="true" unsigned="true" nullable="false" comment="Customer Note Id"/>
		<column xsi:type="text" name="customer_note" nullable="true" comment="Customer Note"/>
		<column xsi:type="int" name="admin_user_id" padding="10" nullable="false" comment="Admin User Id"/>
		<column xsi:type="int" name="mage_customer_id" padding="10" nullable="false" comment="Customer Id"/>
		<column xsi:type="datetime" name="created_at"  comment="Time of event"/>

		<!-- Primary Id -->
		<constraint xsi:type="primary" referenceId="PRIMARY">
		    <column name="id"/>
		</constraint>
	 
	</table>
	
</schema>
