<?xml version="1.0"?>
<!--
/**
 * DISCLAIMER
 *
 * Do not edit or add to this file if you wish to upgrade this module to newer
 * versions in the future.
 *
 * @category  Lof
 * @package   Lof\GiftSalesRule
 * @author    Landofcoder <landofcoder@gmail.com>
 * @copyright 2020 Landofcoder
 * @license   http://www.landofcoder.com/LICENSE-1.0.html
 */
 -->
<schema xmlns:xsi="http://www.w3.org/2001/XMLSchema-instance"
        xsi:noNamespaceSchemaLocation="urn:magento:framework:Setup/Declaration/Schema/etc/schema.xsd">
    <table name="lof_gift_salesrule" resource="default" engine="innodb" comment="Lof Gift Salesrule">
        <column xsi:type="int" name="rule_id" padding="10" unsigned="true" nullable="false" identity="false" default="0"
                comment="Rule Id"/>
        <column xsi:type="int" name="maximum_number_product" padding="10" unsigned="true" nullable="false"
                identity="false" default="0" comment="Maximum number product"/>
        <column xsi:type="decimal" name="price_range" unsigned="true" nullable="true" scale="4" precision="12"
                comment="Price range"/>
        <constraint xsi:type="primary" referenceId="PRIMARY">
            <column name="rule_id"/>
        </constraint>
        <constraint xsi:type="foreign" referenceId="FL_ALLOWED_RULE_ID" table="lof_gift_salesrule"
                    column="rule_id" referenceTable="salesrule" referenceColumn="rule_id"
                    onDelete="CASCADE"/>
    </table>
</schema>
