<?xml version="1.0"?>
<!--
/**
 * DISCLAIMER
 *
 * Do not edit or add to this file if you wish to upgrade this module to newer
 * versions in the future.
 *
 * @category  Lof
 * @package   Lof\GiftSalesRule
 * @author    Landofcoder <landofcoder@gmail.com>
 * @copyright 2020 Landofcoder
 * @license   http://www.landofcoder.com/LICENSE-1.0.html
 */
 -->
<config xmlns:xsi="http://www.w3.org/2001/XMLSchema-instance" xsi:noNamespaceSchemaLocation="urn:magento:framework:Module/etc/module.xsd">
    <module name="Lof_GiftSalesRule" setup_version="1.0.1">
        <sequence>
            <module name="Magento_Catalog"/>
            <module name="Magento_Checkout"/>
            <module name="Magento_SalesRule"/>
            <module name="Magento_Swatches"/>
            <module name="Lof_StoreCredit"/>
            <module name="Lof_RewardPoints"/>
            <module name="Lof_RewardPointsRule"/>
            <module name="Lof_RewardPointsBehavior"/>
            <module name="Lof_Affiliate"/>
        </sequence>
    </module>
</config>
